id,city_id,city_name,country_name,name,description,short_description,latitude,longitude,location,type,created_at
1504,85,Bakuriani,Georgia,Gondola to Mt. Kokhta,"{'Location': ['Discover the enchanting Gondola to Mt. Kokhta in Bakuriani, Georgia - a must-visit tourist attraction for panoramic mountain vistas.'], 'Activities and Facilities': ['Enjoy crystal tobogganing at Crystal Park with extended hours for evening fun.', ""Explore Amirani's Park featuring picnics, hiking trails, and pet-friendly amenities."", 'Visit Andeziti waterfall open 24/7 for a serene natural experience.'], 'Opening Hours and Entry Fees': ['Gondola operates from 10 AM to 5 PM daily with varying schedules for other attractions. Check individual timings.'], 'Nearby Areas': ['Unwind at Bakuriani Recreational Park after your gondola ride.', 'Savor local cuisine near Crystal Park view point for a complete day of adventure.', 'Discover historical landmarks like Alpine Botanical Garden nearby.']}","Embark on a scenic journey via the Gondola to Mt. Kokhta, offering breathtaking views and family-friendly activities in Bakuriani, Georgia.",41.7293142,43.5316656,https://www.google.com/maps?q=Gondola%20to%20Mt.%20Kokhta&ftid=0x404317838a4a540f:0xe0166f7bcdd7797d,tourist place,2025-08-17T21:48:08.000000Z
1515,84,Mitrovica,Kosovo,Restaurant Bishevac,"{'Location': ['Discover the culinary delights of VVW8+V4J, Princi Millosh, Mitrovicë 40000 at Restaurant Bishevac.'], 'Menu Highlights': ['Try the local beer selection', 'Savor the aromatic coffee', 'Explore the variety of teas available'], 'Services & Facilities': ['Outdoor seating for al fresco dining', 'Wheelchair accessible entrance and seating', 'Bar onsite for socializing'], 'Nearby Attractions': ['Visit Mitrovica Bridge for scenic views', 'Explore Gazimestan Monument for historical insights', 'Enjoy a stroll in Zvecan Park']}","Indulge in diverse cuisine at Restaurant Bishevac, offering a cozy atmosphere and great beer selection.",42.897214399999996,20.865267499999998,https://www.google.com/maps?q=Restaurant%20Bishevac&ftid=0x13534571b115973f:0x75aa36c2152f6b62,restaurant,2025-08-17T21:42:42.000000Z
1514,84,Mitrovica,Kosovo,Trepça,"{'Location': ['Experience culinary delights at Trepça in Mitrovicë, a must-visit for food enthusiasts.'], 'Menu Highlights': ['Savor the Halal food options at RESTAURANT IBRI', ""Try the All you can eat menu at Restoran 'GREY'"", 'Enjoy a romantic dinner with small plates at Restaurant Florenti'], 'Services & Facilities': ['Wheelchair accessible seating available', 'Accepts reservations for hassle-free dining', 'Free street parking for convenient access'], 'Nearby Attractions': [""Explore Mitrovicë's historic sites after dining at Trepça"", 'Visit local art galleries near Restaurant Ura', 'Discover scenic parks post-meal at Sinia Restaurant']}","Indulge in diverse cuisine at Trepça, offering a cozy atmosphere and great wine selection.",42.8785848,20.8659687,https://www.google.com/maps?q=Trep%C3%A7a&ftid=0x13534505213b510b:0xd60c6695e79fd865,restaurant,2025-08-17T21:41:38.000000Z
1513,84,Mitrovica,Kosovo,Restaurant Florenti,"{'Location': ['Discover the flavors of Mitrovice at Shemsi Ahmeti, where Restaurant Florenti awaits to delight your taste buds.'], 'Menu Highlights': ['Savor traditional Halal dishes', 'Try the signature coffee blend', 'Delight in quick bites and small plates'], 'Services & Facilities': ['Outdoor seating for al fresco dining', 'Wheelchair accessible entrance and seating', 'Bar onsite for crafted cocktails'], 'Nearby Attractions': ['Explore Mitrovice Castle for historical charm', 'Visit Gazimestan Monument for cultural insights', 'Enjoy local delicacies at nearby cafes']}","Indulge in a culinary journey at Restaurant Florenti, offering a cozy ambiance and diverse menu highlights.",42.888977,20.872961,https://www.google.com/maps?q=Restaurant%20Florenti&ftid=0x135345135456635b:0x540259b73326ce1f,restaurant,2025-08-17T21:39:56.000000Z
1512,84,Mitrovica,Kosovo,Fibello Concept,"{'Location': ['Discover Fibello Concept at Mehe Uka, Sheshi, Mitrovicë 40000 for an unforgettable dining experience.'], 'Menu Highlights': ['Savor the signature cocktails', 'Try the artisanal coffee blends', 'Delight in the decadent desserts'], 'Services & Facilities': ['Outdoor seating available', 'Wheelchair accessible entrance and seating', 'Accepts reservations for convenience'], 'Nearby Attractions': ['Explore Mitrovicë Bridge for scenic views', 'Visit Clock Tower to immerse in history', 'Dine at Restaurant Koha for local flavors']}","Indulge in a culinary journey at Fibello Concept, offering a cozy ambiance and a diverse menu of cocktails, coffee, and desserts.",42.8897151,20.8690978,https://www.google.com/maps?q=Fibello%20Concept&ftid=0x135345360955e5bb:0x7655c1961247191d,restaurant,2025-08-17T21:38:48.000000Z
1511,84,Mitrovica,Kosovo,Restaurant Museum Pub,"{'Location': ['Discover the charm of Rruga Shemsi Ahmeti, Mitrovicë 40000 for a delightful dining experience.'], 'Menu Highlights': ['Savor traditional Albanian dishes like Fli or Tave Kosi', 'Try local specialties such as Baklava or Byrek', 'Explore international flavors with Pasta Carbonara or Margherita Pizza'], 'Services & Facilities': ['Enjoy outdoor seating with scenic views', 'Take advantage of wheelchair-accessible options', 'Relish in great beer, cocktails, and coffee selections'], 'Nearby Attractions': ['Visit the historic Clock Tower for panoramic city views', 'Explore the vibrant Old Bazaar for unique souvenirs', 'Stroll along the Lumbardhi River promenade for a relaxing evening']}","Indulge in a culinary journey at Restaurant Museum Pub, offering a cozy atmosphere and diverse menu highlights.",42.8880924,20.8708363,https://www.google.com/maps?q=Restaurant%20Museum%20Pub&ftid=0x1353451c675bdda3:0x2ab6cdf454f1b4d,restaurant,2025-08-17T21:37:22.000000Z
1510,84,Mitrovica,Kosovo,Restaurant Ujvara,"{'Location': ['Discover the flavors of Rruga Liqeni at Restaurant Ujvara, where every dish tells a story of local tradition and innovation.'], 'Menu Highlights': ['Savor traditional Albanian dishes like Flija and Tave Kosi', 'Try the signature cocktails infused with local herbs'], 'Services & Facilities': ['Enjoy outdoor seating with stunning views', 'Wheelchair accessible entrance and seating available', 'Reservations recommended for a hassle-free dining experience'], 'Nearby Attractions': [""Explore Mitrovicë's historic Clock Tower"", 'Stroll through the vibrant Old Bazaar for unique souvenirs', 'Visit the peaceful Stone Bridge overlooking the river']}","Indulge in a culinary journey at Restaurant Ujvara, offering a diverse menu and cozy atmosphere for breakfast, lunch, and dinner.",42.8759551,20.838094299999998,https://www.google.com/maps?q=Restaurant%20Ujvara&ftid=0x1353453092f922f7:0x141847afd4107a0b,restaurant,2025-08-17T21:35:32.000000Z
1509,84,Mitrovica,Kosovo,Restaurant Fiona,"{'Location': ['Discover Restaurant Fiona at 40000 Rruga Agim Hajrizi, Mitrovicë 40000 for a delightful dining experience.'], 'Menu Highlights': ['Savor the local flavors with traditional Albanian cuisine', 'Try the signature cocktails for a unique taste experience', ""Don't miss out on the delectable desserts on offer""], 'Services & Facilities': ['Enjoy outdoor seating options for al fresco dining', 'Take advantage of the diverse wine list and great coffee selection', 'Relax in the casual yet trendy ambiance perfect for solo diners or groups'], 'Nearby Attractions': ['Explore Mitrovica Bridge nearby for stunning views', 'Visit Kalaja Fortress to immerse yourself in history', 'Discover Ibar River Park for a peaceful retreat']}","Indulge in a culinary journey at Restaurant Fiona, offering a cozy atmosphere and an array of delicious dishes.",42.889752699999995,20.8674358,https://www.google.com/maps?q=Restaurant%20Fiona&ftid=0x13534589d74a19fd:0x6c7276a95a2a5234,restaurant,2025-08-17T21:34:11.000000Z
1508,84,Mitrovica,Kosovo,Restaurant No. 1,"{'Location': ['Discover the heart of Mitrovicë at VVV7+JRW, where family-friendly dining awaits.'], 'Menu Highlights': ['Savor delicious small plates with a great wine selection', 'Try the quick bites and vegan options for a diverse dining experience', ""Don't miss out on their specialty cocktails and hard liquor offerings""], 'Services & Facilities': ['Enjoy table service in a casual setting', 'Wheelchair accessible seating available for all guests', 'Accepts reservations for hassle-free dining experience'], 'Nearby Attractions': [""Explore Mitrovicë's historic landmarks like Xhamia e Hadumit Mosque"", 'Stroll through City Park for a relaxing outdoor experience', 'Discover local charm at Mitrovica Bridge connecting two cultures']}","Indulge in a culinary journey at Restaurant No. 1, offering a cozy atmosphere and great coffee and dessert selections.",42.8941063,20.864570699999998,https://www.google.com/maps?q=Restaurant%20No.%201&ftid=0x13534570858bf893:0x2775255a1d519a34,restaurant,2025-08-17T21:32:54.000000Z
1507,84,Mitrovica,Kosovo,Restaurant Duo Grill,"{'Location': ['Discover the flavors of Llola Ribar at Restaurant Duo Grill in Mitrovicë 38220.'], 'Menu Highlights': ['Savor the local specialty grilled dishes', 'Try the signature cocktails for a unique taste experience', 'Delight in the decadent desserts on offer'], 'Services & Facilities': ['Enjoy takeout or dine-in options for convenience', 'Relax in a casual and welcoming atmosphere', 'Reservations accepted for hassle-free dining'], 'Nearby Attractions': [""Explore Mitrovicë's historic Old Bridge"", 'Visit the vibrant City Park for leisurely strolls', 'Discover local charm at Lumbardhi River promenade']}","Indulge in a culinary journey at Restaurant Duo Grill, offering a cozy ambiance and diverse menu highlights.",42.896136399999996,20.866903,https://www.google.com/maps?q=Restaurant%20Duo%20Grill&ftid=0x1353456e2934127d:0x2f3929ade24de157,restaurant,2025-08-17T21:31:42.000000Z
1506,84,Mitrovica,Kosovo,RESTAURANT IBRI,"{'Location': ['Discover Restaurant Ibri at VR96+324, Kushtovë 40000, offering a delightful dining experience in the heart of the city.'], 'Menu Highlights': ['Savor Halal food and small plates', 'Try their great cocktails and wine selection', ""Don't miss out on their delicious desserts""], 'Services & Facilities': ['Wheelchair accessible entrance and seating available', 'Enjoy outdoor seating with a trendy and upscale ambiance', 'Reservations recommended for brunch, lunch, and dinner'], 'Nearby Attractions': ['Explore the historic Old Town district nearby', 'Visit the local art gallery for a cultural experience', 'Relax at a charming cafe overlooking the city skyline']}","Indulge in a culinary journey at Restaurant Ibri, known for its cozy atmosphere and diverse menu offerings.",42.8676471,20.8100688,https://www.google.com/maps?q=RESTAURANT%20IBRI&ftid=0x13534420dbadbb49:0xcc1d56efbc6d15ca,restaurant,2025-08-17T21:29:53.000000Z
1505,84,Mitrovica,Kosovo,Restaurant The Hiltop,"{'Location': ['Discover Restaurant The Hiltop at VVX6+GMW, Rugjer Boshkoviq, Mitrovica. Savor the best coffee in town with stunning views.'], 'Menu Highlights': ['Sip on their signature coffee blends', 'Try the flavorful vegetarian options', 'Delight in the rich wine selection'], 'Services & Facilities': ['Cozy seating arrangements for solo diners', 'Bar onsite offering a variety of beverages', 'Wheelchair accessible entrance and seating'], 'Nearby Attractions': ['Explore Mitrovica Bridge for scenic views', 'Visit Gazimestan Monument for historical insights', ""Enjoy local cuisine at Restoran 'GREY'""]}","Indulge in a cozy dining experience at Restaurant The Hiltop, known for its exceptional coffee and welcoming atmosphere.",42.8988667,20.8616891,https://www.google.com/maps?q=Restaurant%20The%20Hiltop&ftid=0x135345003648fca5:0x6faaddd27a90356c,restaurant,2025-08-17T21:27:58.000000Z
1504,27,Peja,Kosovo,Restaurant Horizont,"{'Location': ['Discover Restaurant Horizont at M79V+FV4, Tabje, Pejë 30000 for a delightful dining experience.'], 'Menu Highlights': ['Savor exquisite cocktails and desserts', 'Try the rich wine selection', 'Enjoy flavorful coffee options'], 'Services & Facilities': ['Wheelchair accessible entrance and seating available', 'Outdoor seating for al fresco dining', 'Accepts reservations for convenience'], 'Nearby Attractions': [""Explore Rugova Gorge's natural beauty"", 'Visit Patriarchate of Peć for historical insights', 'Dine at Trofta e Drinit for local flavors']}","Indulge in a culinary journey at Restaurant Horizont, offering a cozy ambiance and diverse menu highlights.",42.6686316,20.2946931,https://www.google.com/maps?q=Restaurant%20Horizont&ftid=0x1352fdaae1a08a21:0xa1eb04893c4488d2,restaurant,2025-08-17T21:23:30.000000Z
1503,27,Peja,Kosovo,Qebaptore Te Agimi,"{'Location': ['Discover Qebaptore Te Agimi at nr. 78 Çarshia e gjatë, Pejë 30000, for a delightful culinary experience.'], 'Menu Highlights': ['Savor traditional Albanian qebap dishes', 'Try the flavorful grilled meats and fresh salads', 'Indulge in aromatic Turkish coffee'], 'Services & Facilities': ['Outdoor seating available for al fresco dining', 'Wheelchair accessible seating for all guests', 'Takeout and dine-in options for convenience'], 'Nearby Attractions': [""Explore Rugova Canyon's stunning natural beauty"", 'Visit Patriarchate of Peć Monastery for historical insights', 'Enjoy local cuisine at Restaurant Univers Pejë']}","Qebaptore Te Agimi offers a cozy ambiance and great coffee, perfect for solo dining or lunch gatherings.",42.6603068,20.2950548,https://www.google.com/maps?q=Qebaptore%20Te%20Agimi&ftid=0x1352fdb5f69dd1a5:0xbef411de1a21cbd0,restaurant,2025-08-17T21:20:36.000000Z
1502,27,Peja,Kosovo,Restaurant Univers Pejë,"{'Location': ['Discover the flavors of Zona Industriale, Peje with a visit to Restaurant Univers Pejë for an unforgettable dining experience.'], 'Menu Highlights': ['Savor traditional Albanian dishes like Flija and Tave Kosi, along with international favorites such as pasta and burgers.'], 'Services & Facilities': ['Enjoy outdoor seating, great beer selection, wheelchair accessibility, and free parking at Restaurant Univers Pejë.'], 'Nearby Attractions': ['Explore Rugova Canyon for breathtaking views', 'Visit Patriarchate of Peć for historical insights', 'Try local delicacies at Te Syla Bakery']}","Indulge in a culinary journey at Restaurant Univers Pejë, offering a cozy atmosphere and diverse menu highlights.",42.6535941,20.310655,https://www.google.com/maps?q=Restaurant%20Univers%20Pej%C3%AB&ftid=0x1352fdebcc176ec1:0x1e2f422aea867ece,restaurant,2025-08-17T21:19:01.000000Z
1501,27,Peja,Kosovo,Buquku Grill House,"{'Location': ['Indulge in flavorful barbecue at Buquku Grill House on 4 Jahja Daci, Pejë. A must-visit for food enthusiasts!'], 'Menu Highlights': ['Savor the succulent grilled meats', 'Try the signature BBQ platter', 'Delight in the aromatic coffee'], 'Services & Facilities': ['Wheelchair accessible seating available', 'Quick bite options for a satisfying meal', 'Free parking lot and street parking'], 'Nearby Attractions': [""Explore Rugova Canyon's natural beauty"", 'Visit Patriarchate of Peć, a historic monastery', ""Discover Bajrakli Mosque's architectural charm""]}","Buquku Grill House offers a cozy ambiance and great coffee, perfect for solo dining or groups.",42.660420599999995,20.303328099999998,https://www.google.com/maps?q=Buquku%20Grill%20House&ftid=0x1352fdfb6789c385:0xe42fc37e224976fa,restaurant,2025-08-17T21:17:38.000000Z
1500,27,Peja,Kosovo,Taverna 2 Violinat,"{'Location': ['Discover Taverna 2 Violinat on Rruga Tepelena in Pejë, a must-visit spot for exquisite dining experiences.'], 'Menu Highlights': ['Savor the rich flavors of local cuisine with small plates and wines', 'Indulge in delicious desserts paired with specialty coffees'], 'Services & Facilities': ['Accepts reservations for hassle-free dining', 'Wheelchair accessible entrance and seating available', 'Free Wi-Fi to stay connected while enjoying your meal'], 'Nearby Attractions': [""Explore Rugova Canyon's natural beauty nearby"", 'Visit Patriarchate of Peć, a historic religious site', 'Enjoy traditional Albanian dishes at Restaurant Univers Pejë']}","Taverna 2 Violinat offers a cozy, trendy atmosphere with great coffee, desserts, and wine selection for solo dining or groups.",42.6625747,20.282330599999998,https://www.google.com/maps?q=Taverna%202%20Violinat&ftid=0x1352fd6582ee5abb:0xd449b13e6c0c5ec5,restaurant,2025-08-17T21:16:06.000000Z
1499,27,Peja,Kosovo,Shtepia Alpike Ranch,"{'Location': ['Discover Shtepia Alpike Ranch on Rruga te Zatrat in Pejë, a must-visit spot for exquisite dining experiences.'], 'Menu Highlights': ['Indulge in the Halal food offerings', 'Try the organic dishes for a unique taste experience', 'Savor small plates paired with a great wine selection'], 'Services & Facilities': ['Wheelchair accessible entrance and seating available', 'Accepts reservations for hassle-free dining', 'Free parking lot and street parking options'], 'Nearby Attractions': [""Explore Rugova Canyon's natural beauty nearby"", 'Visit Patriarchate of Peć, an iconic historical site', 'Enjoy local cuisine at Restaurant Univers Pejë']}","Shtepia Alpike Ranch offers a cozy, romantic atmosphere with great wine and dessert selections for breakfast, lunch, and dinner.",42.6529312,20.2748699,https://www.google.com/maps?q=Shtepia%20Alpike%20Ranch&ftid=0x1352fc2e4f625a07:0x5bba87afbe60dcf0,restaurant,2025-08-17T21:14:12.000000Z
1498,27,Peja,Kosovo,ANËS DRINIT,"{'Location': ['Indulge in delightful flavors at ANËS DRINIT in Radavc, Pejë. Experience a blend of trendy and quiet ambiance.'], 'Menu Highlights': ['Try the signature cocktails', 'Savor the rich coffee blends', 'Delight in the exquisite dessert options', 'Explore the diverse wine list'], 'Services & Facilities': ['Wheelchair accessible entrance and seating available', 'Accepts reservations for hassle-free dining experience', 'Free parking lot and street parking for convenience'], 'Nearby Attractions': ['Visit Rugova Canyon for breathtaking views', 'Explore Patriarchate of Peć, a UNESCO World Heritage Site', ""Discover Bajrakli Mosque's architectural beauty""]}","ANËS DRINIT offers a cozy, romantic atmosphere with great beer, cocktails, coffee, and dessert selections for lunch and dinner.",42.7350935,20.3130567,https://www.google.com/maps?q=AN%C3%8BS%20DRINIT&ftid=0x1352e39ba1ca414d:0xe23916ef6ad4c83d,restaurant,2025-08-17T21:12:18.000000Z
1497,27,Peja,Kosovo,GRILL HOUSE Family Gega,"{'Location': ['Discover GRILL HOUSE Family Gega at Rashot Gorani, Pejë 30000 for a delightful culinary journey.'], 'Menu Highlights': ['Savor the local flavors with grilled specialties', 'Try the signature cocktails for a unique taste experience', ""Don't miss out on their delectable desserts""], 'Services & Facilities': ['Enjoy outdoor seating with scenic views', 'Take advantage of their takeout and dine-in options', 'Relish in the casual and cozy atmosphere'], 'Nearby Attractions': ['Explore Rugova Canyon for breathtaking natural beauty', 'Visit Patriarchate of Peć to delve into historical richness', 'Dine at Restaurant Univers Pejë for more culinary delights']}","Indulge in a cozy dining experience at GRILL HOUSE Family Gega, offering great beer selection and delicious coffee.",42.660141499999995,20.2840669,https://www.google.com/maps?q=GRILL%20HOUSE%20Family%20Gega&ftid=0x1352fdaffeececdf:0xfd3f149d4b6eef17,restaurant,2025-08-17T21:11:04.000000Z
1496,27,Peja,Kosovo,Restaurant Çardak Family,"{'Location': ['Discover the flavors of nr. 101 Mbretëresha Teutë, Pejë 30000, offering a vibrant dining experience.'], 'Menu Highlights': ['Savor the Halal food options', 'Try the vegan and vegetarian dishes', 'Enjoy the great wine selection'], 'Services & Facilities': ['Live music entertainment', 'Free Wi-Fi available', 'Cozy atmosphere for intimate gatherings'], 'Nearby Attractions': ['Explore Rugova Mountains National Park', 'Visit Patriarchate of Peć Monastery', 'Dine at GARDÉ Restaurant for more culinary delights']}","Indulge in a culinary journey at Restaurant Çardak Family, known for its live music and diverse menu offerings.",42.660523999999995,20.2909418,https://www.google.com/maps?q=Restaurant%20%C3%87ardak%20Family&ftid=0x1352fd9f9b96d691:0x6075f01bcc536b0a,restaurant,2025-08-17T21:09:34.000000Z
1495,27,Peja,Kosovo,Trofta e Drinit,"{'Location': ['Indulge in delightful dining at Trofta e Drinit on Magjistralja Road in Peje Rozhaje.'], 'Menu Highlights': ['Savor the Halal food options', 'Try the small plates and late-night offerings', 'Enjoy the diverse wine list'], 'Services & Facilities': ['Wheelchair accessible entrance, parking, restroom, and seating', 'Accepts reservations for a hassle-free experience', 'Ideal for solo dining or groups with high chairs available'], 'Nearby Attractions': [""Explore Rugova Canyon's natural beauty"", 'Visit Patriarchate of Peć for historical insights', 'Discover local charm at Bajrakli Mosque']}","Trofta e Drinit offers a cozy, romantic atmosphere with great beer, cocktails, and wine selection for breakfast, lunch, and dinner.",42.737825699999995,20.3134975,https://www.google.com/maps?q=Trofta%20e%20Drinit&ftid=0x1352e294760e2f91:0xcdd8eeef3ab0e161,restaurant,2025-08-17T21:08:29.000000Z
1494,27,Peja,Kosovo,GARDÉ Restaurant,"{'Location': ['Indulge in delightful flavors at GARDÉ Restaurant on 30 Ahmet Gjikolli, Pejë 30000.'], 'Menu Highlights': ['Try the signature cocktails for a refreshing twist.', 'Savor the rich flavors of their specialty small plates.', ""Don't miss out on their exquisite wine selection.""], 'Services & Facilities': ['Enjoy outdoor seating for a pleasant dining experience.', 'Convenient takeout and dine-in options available.', 'Relax in the casual and trendy ambiance with free Wi-Fi.'], 'Nearby Attractions': [""Explore Rugova Canyon's natural beauty nearby."", 'Visit Peja Bazaar for local crafts and souvenirs.', ""Discover Patriarchate of Peć Monastery's historical significance.""]}","GARDÉ Restaurant offers a cozy, trendy atmosphere with great beer, cocktails, and coffee. Perfect for lunch or dinner.",42.6616466,20.2923211,https://www.google.com/maps?q=GARD%C3%89%20Restaurant&ftid=0x1352fdacb34cb2e7:0xa702b3a43dec57f9,restaurant,2025-08-17T21:06:58.000000Z
1493,27,Peja,Kosovo,Hotel Kulla e Zenel Beut,"{'Location': ['Discover the flavors of nr 71 Gjevat Begolli, Pejë 30000 at Hotel Kulla e Zenel Beut, a haven for food enthusiasts.'], 'Menu Highlights': ['Savor traditional Albanian dishes like Flija and Tave Kosi', 'Try local specialties such as Baklava and Byrek', 'Explore unique flavors with Qofte and Petulla'], 'Services & Facilities': ['Enjoy free Wi-Fi and breakfast during your stay', 'Wheelchair accessible restroom for convenience', 'Historic ambiance perfect for romantic dinners', 'Accepts reservations for hassle-free dining experience'], 'Nearby Attractions': ['Visit Rugova Canyon for breathtaking natural beauty', ""Explore Patriarchate of Peć Monastery's rich history"", 'Stroll through Bajrakli Mosque for cultural insights']}","Indulge in a culinary journey at Hotel Kulla e Zenel Beut, offering a cozy and historic atmosphere with great wine and dessert selections.",42.6609864,20.2854727,https://www.google.com/maps?q=Hotel%20Kulla%20e%20Zenel%20Beut&ftid=0x1352fdca8dde0f37:0x9cac2504e589f012,restaurant,2025-08-17T21:05:45.000000Z
1492,27,Peja,Kosovo,Restaurant Era,"{'Location': ['Nestled at 1999 12 Qershori, Pejë 30000, offering a taste of local flavors in a trendy setting.'], 'Menu Highlights': ['Savor traditional Albanian dishes like Flija and Tave Kosi.', 'Try the flavorful Baklava dessert for a sweet ending to your meal.', 'Explore unique coffee blends and refreshing cocktails on the menu.'], 'Services & Facilities': ['Enjoy outdoor seating with scenic views.', 'Wheelchair-accessible entrance, parking, restroom, and seating available.', 'Reservations accepted for hassle-free dining experience.'], 'Nearby Attractions': ['Discover the historic Old Bazaar nearby for cultural immersion.', 'Visit Rugova Canyon to admire stunning natural landscapes.', 'Explore Patriarchate of Peć Monastery for a glimpse into local history.']}","Indulge in a culinary journey at Restaurant Era, known for its diverse menu and cozy atmosphere.",42.6701736,20.2782554,https://www.google.com/maps?q=Restaurant%20Era&ftid=0x1352fdb193f2d72f:0x2c2579ea7709353c,restaurant,2025-08-17T21:04:31.000000Z
596,88,Brod village,Kosovo,Avior Shopping Center,"{'Location': ['Explore the bustling shopping scene in Prishtina, Kosovo.'], 'Top Stores': ['Discover unique finds at Village Market & Cafe', 'Indulge in delicious dishes at Cedar Grill', 'Sip on quality coffee at City Watch Coffee LLC'], 'Top Restaurants & Cafes': ['Enjoy Mediterranean flavors at Azzurro', 'Relish French cuisine at LE TOIT DU THEATRO', ""Savor gourmet delights at L' épicurien""], 'Opening Hours': ['Open Mon-Sat: 10AM-10PM, Sun: 10AM-6PM. Wheelchair accessible entrance and parking. Accepts credit cards, debit cards, and NFC mobile payments.'], 'Nearby Attractions': ['Visit the National Library of Kosovo for cultural insights.', 'Explore Germia Park for outdoor relaxation.', 'Try local delicacies at Te Syla Restaurant.']}","Experience diverse shopping at Avior Shopping Center with top stores and dining options, offering a vibrant atmosphere for all visitors.",42.640503599999995,21.1128028,https://www.google.com/maps?q=Avior%20Shopping%20Center&ftid=0x13549fbf616957fb:0xad473acbdd094b03,shop,2025-08-17T21:00:24.000000Z
595,88,Brod village,Kosovo,Albi Mall,"{'Location': ['Discover Albi Mall in Prishtine, Kosovo - your ultimate shopping paradise awaits!'], 'Top Stores': ['Explore Azzurro for exquisite cuisine', 'Indulge at LE TOIT DU THEATRO for a unique dining experience', ""Find gourmet delights at L' épicurien""], 'Top Restaurants & Cafes': [""Savor Village Market & Cafe's delicious offerings"", ""Enjoy Cedar Grill's flavorful dishes"", 'Relax at City Watch Coffee LLC with premium coffee'], 'Opening Hours': ['Albi Mall is open from 9:00 AM to 10:30 PM daily, providing ample time to shop, dine, and unwind.']}","Spacious, modern mall with a cinema. Roomy, contemporary shopping center with a food court, a movie theater & a bowling alley.",42.632918599999996,21.151942299999998,https://www.google.com/maps?q=Albi%20Mall&ftid=0x13549ffe637b0dd7:0x4594c50f0099efc5,shop,2025-08-17T20:55:33.000000Z
594,88,Brod village,Kosovo,Prishtina Mall,"{'Location': ['Discover the ultimate shopping destination in Prishtine, Kosovo.'], 'Top Stores': ['Explore unique finds at Royal Mall', 'Shop trendy items at Prishtina', ""Discover vintage treasures at 038's Finest Vintage""], 'Top Restaurants & Cafes': ['Indulge in delectable dishes at HOUSE 44 RESTAURANT', 'Relax with a coffee at Bon Bouquet Café & Lounge', 'Enjoy a cozy atmosphere at Fresco Taste'], 'Opening Hours': ['Mon-Fri: 10:00 AM - 11:00 PM', 'Sat-Sun: 9:00 AM - 10:30 PM'], 'Nearby Attractions': ['Visit the historic Clock Tower in Pristina Old Town', 'Explore the National Library of Kosovo for architectural marvels', 'Savor local cuisine at Te Syla Traditional Restaurant']}","Experience a vibrant shopping spree at Prishtina Mall, offering diverse stores and dining options for an exciting retail adventure.",42.5644737,21.1332794,https://www.google.com/maps?q=Prishtina%20Mall&ftid=0x13549dec301cb849:0xdf6994a48e64c161,shop,2025-08-17T20:53:51.000000Z
593,88,Brod village,Kosovo,Af Mall,"{'Location': ['Explore the bustling retail hub of Prishtine, Kosovo for a unique shopping adventure.'], 'Top Stores': ['Find trendy fashion at Shoppin Center', 'Explore footwear at DSW Designer Shoe Warehouse', 'Indulge in gourmet treats at The Hill Cafe'], 'Top Restaurants & Cafes': ['Savor international cuisine at Fall Line Kitchen & Bar', 'Relax with coffee at The Riviere (The Honey Drizzle)', 'Enjoy a meal at HOUSE 44 RESTAURANT'], 'Opening Hours': ['Open Mon-Sat from 9 AM to 10 PM, Sun from 9 AM to 6 PM. Extended hours available for your convenience.']}","Discover a vibrant shopping experience at Af Mall, offering diverse stores and dining options for an exciting day out.",42.6416265,21.111819999999998,https://www.google.com/maps?q=Af%20Mall&ftid=0x13549f4dd4c7880d:0x8ebe70ae727b7c49,shop,2025-08-17T20:52:15.000000Z
592,88,Brod village,Kosovo,The Village - Shopping & Fun,"{'Location': ['Discover the ultimate shopping destination in Ferizaj, Kosovo.'], 'Top Stores': ['Explore unique finds at Shoppin Center', 'Indulge in luxury brands at Af Mall', 'Find trendy items at Avior Shopping Center'], 'Top Restaurants & Cafes': ['Savor local cuisine at HOUSE 44 RESTAURANT in Prishtina Mall', 'Enjoy a cozy ambiance at Azzurro in Albi Mall', 'Relax with a coffee at VILLAGE MARKET & CAFE in Avior Shopping Center'], 'Opening Hours': ['- Shoppin Center: Mon-Fri: 8:30AM-9:30PM, Sat-Sun: 10AM-6PM', '- The Village - Shopping & Fun: Mon-Sun: 10AM-10PM', '- Af Mall: Mon-Sun: 9AM-10PM', '- Prishtina Mall: Mon-Sun: 10AM-11PM (Closes soon)', '- Albi Mall: Mon-Sun: 9AM-10.30PM', '- Avior Shopping Center: Mon-Sun: 10AM-10PM']}","Experience shopping paradise at The Village - Shopping & Fun, offering a diverse range of stores and entertainment options.",42.373123799999995,21.1489995,https://www.google.com/maps?q=The%20Village%20-%20Shopping%20%26%20Fun&ftid=0x13547fda8b236933:0x1f1da3497f330537,shop,2025-08-17T20:50:31.000000Z
591,88,Brod village,Kosovo,Shoppin Center,"{'Location': ['Discover the vibrant Shoppin Center in Prishtina, Kosovo for a unique shopping adventure.'], 'Top Stores': ['Explore trendy fashion at West Broad Commons Shopping Center', 'Find footwear galore at DSW Designer Shoe Warehouse', 'Indulge in gourmet delights at The Hill Cafe'], 'Top Restaurants & Cafes': ['Savor international cuisine at Fall Line Kitchen & Bar', 'Enjoy artisanal coffee at The Riviere (The Honey Drizzle)', 'Taste local flavors at Bon Bouquet Café & Lounge'], 'Opening Hours': ['Mon: 8:30 AM–9:30 PM', 'Tue-Fri: 8:30 AM–9:30 PM', 'Sat-Sun: 8:30 AM–10 PM'], 'Nearby Attractions': ['Visit the historic Old Bazaar for cultural immersion', ""Explore Germia Park's natural beauty and recreational activities"", 'Indulge in traditional dishes at Te Syla Restaurant']}","Experience a diverse shopping journey at Shoppin Center, offering top stores and dining options for an unforgettable visit.",42.6686219,21.1641808,https://www.google.com/maps?q=Shoppin%20Center&ftid=0x13549f76bfe2d0a9:0x2bad007115a683cf,shop,2025-08-17T20:48:40.000000Z
590,84,Mitrovica,Kosovo,Art Mall,"{'Location': ['Immerse yourself in the bustling shopping scene of Mitrovicë, Kosovo.'], 'Top Stores': ['Indulge in fresh produce at Viva Fresh Store73 Agroni.', 'Explore trendy fashion at LC WAIKIKI.', 'Experience entertainment at LUX MALL.'], 'Top Restaurants & Cafes': ['Savor local cuisine at Restaurant Koha.', 'Enjoy a cozy meal at Restaurant Ura.', 'Delight in sweet treats at MISSINI Kitchen & Sweets.'], 'Opening Hours': [""Art Mall's operating hours vary; check individual store timings for specific details.""], 'Nearby Attractions': ['Visit the historic Clock Tower nearby for panoramic city views.', 'Explore the vibrant Mitrovica Bridge connecting cultures across the river.', 'Indulge in traditional Balkan dishes at Restaurant Museum Pub.']}","Discover a vibrant shopping haven at Art Mall, offering diverse stores and delectable dining options for an unforgettable experience.",42.8883467,20.8594905,https://www.google.com/maps?q=Art%20Mall&ftid=0x13534500a57e5567:0x862fc9898f9776f4,shop,2025-08-17T20:42:27.000000Z
589,84,Mitrovica,Kosovo,Emona City,"{'Location': ['Explore the bustling shopping scene of Emona City, Kosovo.'], 'Top Stores': ['Discover unique finds at Viva Fresh Store73 agroni.', 'Shop trendy fashion at LC WAIKIKI.', 'Indulge in entertainment at LUX MALL.'], 'Top Restaurants & Cafes': ['Savor local flavors at Taverna GOTA.', 'Enjoy a cozy meal at Lagom cafe/restaurant.', 'Taste delicious dishes at Fibello Concept.'], 'Opening Hours': ['Mall of Mitrovica: Mon-Sun 10AM-10PM', 'LUX MALL: Mon-Sun 10AM-10PM', 'Emona Center: Mon-Sun 8AM-11PM', 'Emona City: Mon-Sun 8AM-11PM', '(Note: Individual store hours may vary)'], 'Nearby Attractions': ['- Visit the historic Clock Tower nearby for panoramic city views.', '- Explore the cultural heritage of Ethnological Museum just a short walk away.', '- Relax in the lush surroundings of Parku i Qytetit after your shopping spree.']}",Emona City offers a vibrant shopping experience with diverse stores and dining options in a modern setting.,42.893139,20.8734544,https://www.google.com/maps?q=Emona%20City&ftid=0x1353456bf9e754ad:0xa16f42de3d870310,shop,2025-08-17T20:40:39.000000Z
588,84,Mitrovica,Kosovo,Emona Center,"{'Location': ['Discover the bustling Emona Center in Mitrovica, Kosovo for a unique shopping adventure.'], 'Top Stores': ['Explore Emona City for trendy fashion finds.', 'Visit Emona Center for local artisanal goods.', 'Indulge at Fibello Concept for gourmet treats.'], 'Top Restaurants & Cafes': [""Savor Verona's Italian cuisine at Emona Center."", 'Relax at Kafe with a cup of freshly brewed coffee.', 'Enjoy fusion dishes at Fibello Concept.'], 'Opening Hours': ['Emona Center is open from 8 AM to 11 PM daily, providing ample time for shopping and dining.'], 'Nearby Attractions': ['Stroll through Iber Bridge Park for scenic views.', 'Explore the historic Clock Tower nearby.', 'Discover local flavors at Restaurant Museum Pub.']}",Emona Center offers a vibrant shopping experience with diverse stores and dining options in Mitrovica.,42.889589799999996,20.8693489,https://www.google.com/maps?q=Emona%20Center&ftid=0x13534512cdc1b535:0x737345ddd711dbce,shop,2025-08-17T20:37:12.000000Z
587,84,Mitrovica,Kosovo,Shtëpia e Mallrave,"{'Location': ['Immerse yourself in the bustling shopping scene of Mitrovicë, Kosovo.'], 'Top Stores': ['Explore Viva Fresh Store73 agroni for fresh produce', 'Indulge in trendy fashion at LC WAIKIKI', 'Experience unique arcade games at LUX MALL'], 'Top Restaurants & Cafes': ['Savor local cuisine at Restaurant Museum Pub', 'Enjoy a cozy meal at Fibello Concept cafe', 'Try international dishes at Restaurant Fiona'], 'Opening Hours': ['Mall of Mitrovica: Mon-Sun 10AM-10PM', 'LUX MALL: Mon-Sun 10AM-10PM', 'Emona Center: Mon-Sun 8AM-11PM', 'Emona City: Mon-Sun 8AM-11PM'], 'Nearby Attractions': ['- Visit the historic Clock Tower nearby.', '- Explore the vibrant Old Bazaar district.', '- Relax in Zahir Pajaziti Square park.']}","Discover a vibrant shopping haven at Shtëpia e Mallrave, offering diverse stores and dining options for a memorable experience.",42.8933417,20.867703799999997,https://www.google.com/maps?q=Sht%C3%ABpia%20e%20Mallrave&ftid=0x13534568708f00e1:0xd11c91ce3c7d1899,shop,2025-08-17T20:35:33.000000Z
586,84,Mitrovica,Kosovo,LUX MALL,"{'Location': ['Experience the ultimate shopping destination in Mitrovicë, Kosovo.'], 'Top Stores': ['Discover unique finds at Restaurant Ura', ""Explore trendy collections at Restoran 'GREY'"", 'Savor exquisite cuisine at Sinia Restaurant'], 'Top Restaurants & Cafes': ['Enjoy local flavors at Restaurant Ura', ""Relax with a meal at Restoran 'GREY'"", 'Try authentic dishes at Sinia Restaurant'], 'Opening Hours': ['Mon-Sun: 10 AM - 10 PM. Enjoy extended hours for leisurely shopping and dining experiences.']}","Indulge in luxury shopping at LUX MALL, offering a diverse range of stores and dining options for a premium retail experience.",42.8917213,20.8739626,https://www.google.com/maps?q=LUX%20MALL&ftid=0x1353458c330e186b:0x145b136bf5243caa,shop,2025-08-17T20:33:45.000000Z
585,84,Mitrovica,Kosovo,Mall of Mitrovica,"{'Location': ['Explore the bustling shopping scene in Mitrovicë, Kosovo, at Mall of Mitrovica.'], 'Top Stores': ['Discover fresh produce at Viva Fresh Store73 agroni', 'Shop trendy fashion at LC WAIKIKI', 'Indulge in arcade games at LUX MALL'], 'Top Restaurants & Cafes': ['Savor local cuisine at Restaurant Museum Pub', 'Enjoy coffee at Fibello Concept', 'Try international dishes at Restaurant Fiona'], 'Opening Hours': ['Mon-Sat: 10AM-10PM, Sun: Closed. Check out the variety of services including wheelchair accessibility and playground for kids.']}","Experience a vibrant shopping spree at Mall of Mitrovica, offering diverse stores and dining options for an exciting retail adventure.",42.890329099999995,20.8660496,https://www.google.com/maps?q=Mall%20of%20Mitrovica&ftid=0x1353453095e9c14f:0xe4244a16cd8d04dd,shop,2025-08-17T20:32:16.000000Z
584,27,Peja,Kosovo,Elkos Center Peje,"{'Location': ['Discover the vibrant shopping scene in Pejë, Kosovo.'], 'Top Stores': ['Browse unique finds at ETC - Elkos Trading Center Peje - 2', 'Shop for trendy items at ETC - Elkos Trading Center, Pejë 1', 'Find quality goods at Elkos Mall'], 'Top Restaurants & Cafes': ['Indulge in delicious meals at AROSA PALACE', 'Savor specialty coffee at Prince Coffee Shops Elkos', 'Experience local flavors at Restaurant Univers Pejë'], 'Opening Hours': ['Elkos Center Peje is temporarily closed. Check individual store hours for updates.'], 'Nearby Attractions': ['Visit Rugova Canyon for stunning natural beauty', 'Explore Patriarchate of Pec, a UNESCO World Heritage Site', 'Enjoy traditional cuisine at Te Syla Restaurant']}",Explore Elkos Center Peje for a diverse shopping experience with top stores and dining options.,42.6540353,20.312264,https://www.google.com/maps?q=Elkos%20Center%20Peje&ftid=0x1352fdeb8f6f9495:0x2af1f594faf4b51d,shop,2025-08-17T20:28:59.000000Z
583,27,Peja,Kosovo,American Retail Park,"{'Location': ['Explore the bustling shopping scene in Pejë, Kosovo, at American Retail Park - your ultimate destination for wholesale fashion.'], 'Top Stores': ['Lorik Center with diverse offerings', 'Happy Kids for family-friendly options', 'Viva Fresh Store 17 for fresh fashion finds'], 'Top Restaurants & Cafes': ['Antika at Lorik Center for cozy meals', 'Sofra e Dukagjinit at Viva Fresh Store 17 for local flavors', 'AROSA PALACE at Elkos Center Peje for a relaxing dining experience'], 'Opening Hours': ['Lorik Center: Mon-Sun 9AM-10PM', 'Happy Kids: Daily 8AM-11:45PM', 'Viva Fresh Store 17: Mon-Sun 8AM-11AM']}","Discover a vibrant shopping destination at American Retail Park, offering wholesale clothing and top-notch amenities for an exciting retail experience.",42.6553374,20.3042129,https://www.google.com/maps?q=American%20Retail%20Park&ftid=0x1352fda9a336e2cf:0x32c250848e941b74,shop,2025-08-17T20:27:13.000000Z
582,27,Peja,Kosovo,Viva Fresh Store 17,"{'Location': ['Explore the bustling shopping scene in Pejë, Kosovo, at Viva Fresh Store 17.'], 'Top Stores': ['Discover fresh produce at Viva Fresh Store 17', 'Indulge in trendy fashion at American Retail Park', 'Find unique items at Elkos Center Peje'], 'Top Restaurants & Cafes': ['Savor local cuisine at Sofra e Dukagjinit', 'Enjoy sweet treats at Jaffa Food and Cake', 'Relish international flavors at AROSA PALACE'], 'Opening Hours': ['Viva Fresh Store 17: Opens Mon-Sat from 8 AM to 11 AM; Closed on Sundays']}","Experience a vibrant shopping spree at Viva Fresh Store 17, offering diverse stores and dining options for a delightful retail adventure.",42.6543414,20.308616699999998,https://www.google.com/maps?q=Viva%20Fresh%20Store%2017&ftid=0x1352fdea4e1c617f:0x2b7bfe6459e58a47,shop,2025-08-17T20:25:39.000000Z
581,27,Peja,Kosovo,Happy Kids,"{'Top Stores': ['Viva Fresh Store 17 - A variety of products and convenient payment options', 'American Retail Park - Accessible shopping experience'], 'Top Restaurants & Cafes': ['Sofra e Dukagjinit - Authentic local cuisine', 'Jaffa Food and Cake - Delicious desserts'], 'Opening Hours': ['Happy Kids: Open daily from 8 AM to 11:45 PM, providing ample time for fun and entertainment'], 'Location': ['Happy Kids']}","Happy Kids offers a vibrant indoor playground experience for kids, with top-notch amenities and discounts for families.",42.654401199999995,20.3087367,https://www.google.com/maps?q=Happy%20Kids&ftid=0x1352fd3684099253:0x275040808964a6b,shop,2025-08-17T20:24:13.000000Z
1591,84,Mitrovica,Kosovo,Hotel Dardani,"{'Location': ['Immerse yourself in the vibrant city of Shupkovc, Kosovo, at Hotel Dardani for an unforgettable experience.'], 'Services & Facilities': ['Attentive staff for personalized service', 'Relaxing spa for ultimate rejuvenation', 'Complimentary Wi-Fi for seamless connectivity'], 'Rooms': ['Elegant decor for a luxurious ambiance', 'Plush bedding ensuring a restful sleep', 'Modern amenities enhancing your stay'], 'Nearby Attractions': ['Explore the historic charm of Palace Hotel & SPA', 'Indulge in local cuisine at Hotel & restaurant ADOR & Spa', 'Discover cultural richness at Hotel Centrum']}","Hotel Dardani offers a cozy stay with free Wi-Fi, rated 4.3. Enjoy comfort and convenience in the heart of Shupkovc.",42.8717548,20.8928589,https://www.google.com/maps?q=Hotel%20Dardani&ftid=0x135345899fd0e587:0x7deca5829d5c36e8,hotel,2025-08-17T20:18:40.000000Z
1590,84,Mitrovica,Kosovo,Courtyard Prishtina,"{'Location': ['Discover Courtyard Prishtina in the vibrant city of Prishtina, Kosovo – a perfect blend of culture and modernity.'], 'Services & Facilities': ['Attentive service ensuring a seamless stay', 'Inviting ambiance with top-notch amenities', 'Complimentary breakfast enhancing your morning routine'], 'Rooms': ['Spacious rooms for ultimate relaxation', 'Plush bedding for a restful sleep', 'Modern design elements creating a stylish retreat'], 'Nearby Attractions': ['Explore the National Library of Kosovo for architectural marvels', 'Indulge in local cuisine at Pishat Restaurant', ""Relax at Germia Park's serene natural beauty""]}","Experience comfort and convenience at Courtyard Prishtina, rated 4.7, offering free breakfast and Wi-Fi for a memorable stay.",42.6569885,21.1519737,https://www.google.com/maps?q=Courtyard%20Prishtina&ftid=0x13549f195bcf3c09:0x3241695aa81759d5,hotel,2025-08-17T20:17:07.000000Z
1589,84,Mitrovica,Kosovo,Four Points by Sheraton Prishtina City,"{'Location': ['Discover this gem in the heart of Prishtina, Kosovo, offering convenience and luxury for your stay.'], 'Services & Facilities': ['Attentive service ensuring a seamless stay', 'Modern amenities for ultimate relaxation', 'Complimentary Wi-Fi for connectivity'], 'Rooms': ['Elegantly designed rooms for a restful retreat', ""Plush bedding for a cozy night's sleep"", 'In-room conveniences enhancing your stay'], 'Nearby Attractions': ['Explore the National Library of Kosovo', 'Indulge in local flavors at Pishat Restaurant', 'Enjoy nature at Germia Park']}","Sleek hotel with a spa & Italian dining. Polished hotel offering a gym, a spa & event space, plus an indoor pool & an Italian restaurant.",42.584705,21.108679,https://www.google.com/maps?q=Four%20Points%20by%20Sheraton%20Prishtina%20City&ftid=0x13549d690204aedf:0x8e5204bb4abbb801,hotel,2025-08-17T18:40:31.000000Z
1588,84,Mitrovica,Kosovo,Star Hill Hotel & Spa,"{'Location': ['Discover Star Hill Hotel & Spa in Prishtina, XK, for a tranquil escape in the heart of the city.'], 'Services & Facilities': ['Personalized concierge service', 'State-of-the-art spa facilities', 'Gourmet dining options'], 'Rooms': ['Elegantly designed suites with panoramic city views', 'Plush bedding for ultimate comfort', 'Smart technology for convenience'], 'Nearby Attractions': ['Explore Newborn Monument', 'Indulge in local cuisine at Tiffany Restaurant', 'Stroll through Germia Park']}","Experience luxury and relaxation at Star Hill Hotel & Spa, rated 4.7, offering Free Wi-Fi and serene spa amenities.",42.6361296,21.1521383,https://www.google.com/maps?q=Star%20Hill%20Hotel%20%26%20Spa&ftid=0x13549f25c2d8a0af:0x896b51f84f286b87,hotel,2025-08-17T18:37:17.000000Z
1587,84,Mitrovica,Kosovo,Hotel Centrum,"{'Location': ['Discover Hotel Centrum in the vibrant city of Mitrovicë, Kosovo for an unforgettable hospitality experience.'], 'Services & Facilities': ['Personalized concierge service', 'State-of-the-art spa facilities', 'Complimentary high-speed Wi-Fi'], 'Rooms': ['Elegantly designed suites with city views', 'Plush bedding for ultimate comfort', 'Smart technology for convenience'], 'Nearby Attractions': ['Explore Gazimestan Monument', 'Indulge at Restaurant Liburnia', 'Relax at Iber Park by the river']}",Hotel Centrum offers a luxurious stay with exceptional service and modern amenities in Mitrovicë.,42.8903743,20.8685053,https://www.google.com/maps?q=Hotel%20Centrum&ftid=0x135345a8ed2c7889:0x9ef1f4aa18b0d1c4,hotel,2025-08-17T18:35:17.000000Z
1586,84,Mitrovica,Kosovo,Hotel & restaurant ADOR & Spa,"{'Location': [""Discover the allure of Mitrovica, Kosovo's Henri Dunant district for a lavish stay experience.""], 'Services & Facilities': ['Personalized concierge service', 'State-of-the-art spa facilities', 'Gourmet dining options'], 'Rooms': ['Elegantly designed suites with city views', 'Plush bedding for ultimate comfort', 'High-tech in-room entertainment systems'], 'Nearby Attractions': ['Explore Gazimestan Monument', 'Savor local cuisine at Te Syla Restaurant', 'Relax at Iber Park']}","Indulge in luxury at Hotel & Restaurant ADOR & Spa, rated 4.5 stars for its exceptional service and amenities.",42.8935909,20.8617727,https://www.google.com/maps?q=Hotel%20%26%20restaurant%20ADOR%20%26%20Spa&ftid=0x13534576ae778bdb:0x93c25b33f9703d14,hotel,2025-08-17T18:33:39.000000Z
1585,84,Mitrovica,Kosovo,Palace Hotel & SPA,"{'Location': ['Discover the opulent Palace Hotel & SPA in Mitrovicë, Kosovo for a lavish stay in the heart of this vibrant city.'], 'Services & Facilities': ['Attentive service ensuring a memorable stay', 'Relaxing spa facilities for ultimate rejuvenation', 'Complimentary Wi-Fi and breakfast for convenience'], 'Rooms': ['Elegantly furnished suites with modern decor', 'Plush bedding for a restful sleep experience', 'In-room amenities for added comfort'], 'Nearby Attractions': ['Explore the historic Clock Tower of Mitrovica', 'Indulge in local cuisine at Restaurant Liburnia', 'Enjoy nature at Gazivoda Lake']}","Experience luxury and comfort at Palace Hotel & SPA, rated 4.2, offering free Wi-Fi and breakfast amenities.",42.872942599999995,20.8933614,https://www.google.com/maps?q=Palace%20Hotel%20%26%20SPA&ftid=0x1353452f0586fe59:0x4f3f55089d13abc2,hotel,2025-08-17T18:32:41.000000Z
1584,26,Boge,Kosovo,"Pushimorja ""Shpella e Madhe""","{'Location': ['Nestled in the picturesque town of Bogë, Albania, offering a serene escape amidst lush greenery and breathtaking views.'], 'Services & Facilities': ['Personalized service for a memorable stay', 'Cozy lounge area with fireplace', 'Scenic outdoor terrace for relaxation'], 'Rooms': ['Spacious suites with mountain views', 'Plush bedding for a restful sleep', 'Private balconies to soak in the natural beauty'], 'Nearby Attractions': [""Explore Theth National Park's hiking trails"", 'Dine at local restaurants serving traditional Albanian cuisine', 'Visit the historic Kulla e Ngujimit tower']}","Experience comfort and nature at Pushimorja 'Shpella e Madhe' with a 3.0 rating, surrounded by stunning landscapes in Bogë.",42.737705,20.0596297,https://www.google.com/maps?q=Pushimorja%20%22Shpella%20e%20Madhe%22&ftid=0x1352f1924c5c9c23:0x6ec67579d5e73b2b,hotel,2025-08-17T18:29:50.000000Z
1583,26,Boge,Kosovo,Bujtinat LISA,"{'Location': ['Discover Bujtinat LISA in the vibrant city of Pejë, Kosovo for a memorable stay.'], 'Services & Facilities': ['Complimentary Wi-Fi for seamless connectivity', 'Delicious daily breakfast to start your day right', 'Relaxing sauna experience at Hotel Magra Austria'], 'Rooms': ['Elegant rooms with modern amenities', 'Plush bedding for a restful sleep', 'Stunning views of the surrounding landscape'], 'Nearby Attractions': [""Explore the historic Pushimorja 'Shpella e Madhe'"", 'Indulge in local cuisine at nearby dining venues', 'Enjoy nature at scenic spots around Pejë']}","Experience comfort and service at Bujtinat LISA, rated 4.6. Enjoy free Wi-Fi and breakfast at Grand Hotel Belushi and Hotel Magra Austria.",42.7403912,20.0753229,https://www.google.com/maps?q=Bujtinat%20LISA&ftid=0x1352f117bfaf4eaf:0x2bebb7dc5f4c3b8f,hotel,2025-08-17T18:28:43.000000Z
